Datetime,Water Level (m)
2026-02-06 00:00:00,-0.14832819
2026-02-06 01:00:00,-0.06596302
2026-02-06 02:00:00,-0.0035478869
2026-02-06 03:00:00,0.043169122
2026-02-06 04:00:00,0.048671123
2026-02-06 05:00:00,0.030032896
2026-02-06 06:00:00,-0.008854903
2026-02-06 07:00:00,-0.06995656
2026-02-06 08:00:00,-0.14292158
2026-02-06 09:00:00,-0.21410349
2026-02-06 10:00:00,-0.27750373
2026-02-06 11:00:00,-0.29987332
2026-02-06 12:00:00,-0.26402235
2026-02-06 13:00:00,-0.19302462
2026-02-06 14:00:00,-0.13118611
2026-02-06 15:00:00,-0.0742479
2026-02-06 16:00:00,-0.043167993
2026-02-06 17:00:00,-0.04326759
2026-02-06 18:00:00,-0.061558828
2026-02-06 19:00:00,-0.10222075
2026-02-06 20:00:00,-0.16440457
2026-02-06 21:00:00,-0.23073913
2026-02-06 22:00:00,-0.2827393
2026-02-06 23:00:00,-0.2869037
2026-02-07 00:00:00,-0.24230278
2026-02-07 01:00:00,-0.1788158
2026-02-07 02:00:00,-0.122969784
2026-02-07 03:00:00,-0.06975901
2026-02-07 04:00:00,-0.045223646
2026-02-07 05:00:00,-0.049005207
2026-02-07 06:00:00,-0.0701901
2026-02-07 07:00:00,-0.113041095
2026-02-07 08:00:00,-0.17647855
2026-02-07 09:00:00,-0.2446619
2026-02-07 10:00:00,-0.30867645
2026-02-07 11:00:00,-0.34481788
2026-02-07 12:00:00,-0.32854372
2026-02-07 13:00:00,-0.27483726
2026-02-07 14:00:00,-0.2147971
2026-02-07 15:00:00,-0.1592692
2026-02-07 16:00:00,-0.10749051
2026-02-07 17:00:00,-0.09186124
2026-02-07 18:00:00,-0.09576834
2026-02-07 19:00:00,-0.11960276
2026-02-07 20:00:00,-0.16586201
2026-02-07 21:00:00,-0.22666623
2026-02-07 22:00:00,-0.285843
2026-02-07 23:00:00,-0.31460288
2026-02-08 00:00:00,-0.29456916
2026-02-08 01:00:00,-0.248185
2026-02-08 02:00:00,-0.19798525
2026-02-08 03:00:00,-0.15627156
2026-02-08 04:00:00,-0.122980624
2026-02-08 05:00:00,-0.12143252
2026-02-08 06:00:00,-0.13404861
2026-02-08 07:00:00,-0.16568851
2026-02-08 08:00:00,-0.21623354
2026-02-08 09:00:00,-0.27842996
2026-02-08 10:00:00,-0.34086213
2026-02-08 11:00:00,-0.38961935
2026-02-08 12:00:00,-0.39722073
2026-02-08 13:00:00,-0.36089578
2026-02-08 14:00:00,-0.3047353
2026-02-08 15:00:00,-0.2511781
2026-02-08 16:00:00,-0.19277762
2026-02-08 17:00:00,-0.15393448
2026-02-08 18:00:00,-0.14395031
2026-02-08 19:00:00,-0.15054186
2026-02-08 20:00:00,-0.17663679
2026-02-08 21:00:00,-0.2240573
2026-02-08 22:00:00,-0.27915618
2026-02-08 23:00:00,-0.3200961
2026-02-09 00:00:00,-0.32171616
2026-02-09 01:00:00,-0.29222542
2026-02-09 02:00:00,-0.2559125
2026-02-09 03:00:00,-0.22292744
2026-02-09 04:00:00,-0.1946125
2026-02-09 05:00:00,-0.1813183
2026-02-09 06:00:00,-0.19134891
2026-02-09 07:00:00,-0.2126954
2026-02-09 08:00:00,-0.25002453
2026-02-09 09:00:00,-0.30121985
2026-02-09 10:00:00,-0.3578527
2026-02-09 11:00:00,-0.40737104
2026-02-09 12:00:00,-0.42788333
2026-02-09 13:00:00,-0.408393
2026-02-09 14:00:00,-0.36767057
2026-02-09 15:00:00,-0.31887105
2026-02-09 16:00:00,-0.26509324
2026-02-09 17:00:00,-0.20640177
2026-02-09 18:00:00,-0.17598751
2026-02-09 19:00:00,-0.16713162
2026-02-09 20:00:00,-0.17345195
2026-02-09 21:00:00,-0.19845381
2026-02-09 22:00:00,-0.24218787
2026-02-09 23:00:00,-0.28769016
2026-02-10 00:00:00,-0.31003687
2026-02-10 01:00:00,-0.30201286
2026-02-10 02:00:00,-0.2827253
2026-02-10 03:00:00,-0.26356703
2026-02-10 04:00:00,-0.24958137
2026-02-10 05:00:00,-0.24023046
2026-02-10 06:00:00,-0.24200502
2026-02-10 07:00:00,-0.25521168
2026-02-10 08:00:00,-0.27944866
2026-02-10 09:00:00,-0.31501317
2026-02-10 10:00:00,-0.35962346
2026-02-10 11:00:00,-0.40425506
2026-02-10 12:00:00,-0.43524995
2026-02-10 13:00:00,-0.43749592
2026-02-10 14:00:00,-0.41420215
2026-02-10 15:00:00,-0.37956762
2026-02-10 16:00:00,-0.33705115
2026-02-10 17:00:00,-0.28642762
2026-02-10 18:00:00,-0.23353928
2026-02-10 19:00:00,-0.20388588
2026-02-10 20:00:00,-0.19288799
2026-02-10 21:00:00,-0.19527552
2026-02-10 22:00:00,-0.21413833
2026-02-10 23:00:00,-0.24845353
2026-02-11 00:00:00,-0.28552207
2026-02-11 01:00:00,-0.30986857
2026-02-11 02:00:00,-0.3203176
2026-02-11 03:00:00,-0.3238057
2026-02-11 04:00:00,-0.3269483
2026-02-11 05:00:00,-0.33521175
2026-02-11 06:00:00,-0.3484229
2026-02-11 07:00:00,-0.3595124
2026-02-11 08:00:00,-0.3709667
2026-02-11 09:00:00,-0.38795125
2026-02-11 10:00:00,-0.41158733
2026-02-11 11:00:00,-0.44159397
2026-02-11 12:00:00,-0.47279716
2026-02-11 13:00:00,-0.49193802
2026-02-11 14:00:00,-0.48813754
2026-02-11 15:00:00,-0.46646053
2026-02-11 16:00:00,-0.4339085
2026-02-11 17:00:00,-0.39222273
2026-02-11 18:00:00,-0.3414834
2026-02-11 19:00:00,-0.28463578
2026-02-11 20:00:00,-0.23915488
2026-02-11 21:00:00,-0.21243888
2026-02-11 22:00:00,-0.2029808
2026-02-11 23:00:00,-0.20851311
2026-02-12 00:00:00,-0.23177887
